{"cameraMode":{"drawMode":0,"name":"Shaded","section":"Shading Mode"},"sceneLighting":false,"audioPlay":false,"sceneViewState":{"showFog":true,"showMaterialUpdate":false,"showSkybox":false,"showFlares":true,"showImageEffects":true,"showParticleSystems":true},"in2DMode":false,"pivot":{"x":-0.16135439276695252,"y":0.5991193056106567,"z":-0.11039745807647705},"rotation":{"x":0.11016616970300675,"y":-0.8680524826049805,"z":0.22239872813224793,"w":0.4299905002117157},"size":2.3513710498809816,"orthographic":false}