{"cameraMode":{"drawMode":0,"name":"Shaded","section":"Shading Mode"},"sceneLighting":false,"audioPlay":false,"sceneViewState":{"showFog":true,"showMaterialUpdate":false,"showSkybox":false,"showFlares":true,"showImageEffects":true,"showParticleSystems":true},"in2DMode":false,"pivot":{"x":0.0010119378566741944,"y":0.007243037223815918,"z":0.001082107424736023},"rotation":{"x":-0.056339748203754428,"y":-0.79156494140625,"z":-0.07198487222194672,"w":0.6048029661178589},"size":0.3968183696269989,"orthographic":true}