{"cameraMode":{"drawMode":0,"name":"Shaded","section":"Shading Mode"},"sceneLighting":false,"audioPlay":false,"sceneViewState":{"showFog":true,"showMaterialUpdate":false,"showSkybox":false,"showFlares":true,"showImageEffects":true,"showParticleSystems":true},"in2DMode":false,"pivot":{"x":0.00225830078125,"y":-0.08330659568309784,"z":-0.0018130168318748475},"rotation":{"x":0.2071787565946579,"y":-0.556496262550354,"z":0.14660337567329408,"w":0.7916553020477295},"size":3.562723398208618,"orthographic":true}