{"cameraMode":{"drawMode":0,"name":"Shaded","section":"Shading Mode"},"sceneLighting":false,"audioPlay":false,"sceneViewState":{"showFog":true,"showMaterialUpdate":false,"showSkybox":false,"showFlares":true,"showImageEffects":true,"showParticleSystems":true},"in2DMode":false,"pivot":{"x":4.690000057220459,"y":3.4100003242492677,"z":-20.58981704711914},"rotation":{"x":-0.12790513038635255,"y":0.7755307555198669,"z":0.16840551793575288,"w":0.5954409241676331},"size":30.73748207092285,"orthographic":true}