{"cameraMode":{"drawMode":0,"name":"Shaded","section":"Shading Mode"},"sceneLighting":false,"audioPlay":false,"sceneViewState":{"showFog":true,"showMaterialUpdate":false,"showSkybox":false,"showFlares":true,"showImageEffects":true,"showParticleSystems":true},"in2DMode":false,"pivot":{"x":34.50008773803711,"y":-13.098718643188477,"z":-73.84559631347656},"rotation":{"x":0.14738379418849946,"y":0.0931205302476883,"z":-0.013540112413465977,"w":0.9849329590797424},"size":2.192558765411377,"orthographic":true}