{"cameraMode":{"drawMode":0,"name":"Shaded","section":"Shading Mode"},"sceneLighting":false,"audioPlay":false,"sceneViewState":{"showFog":true,"showMaterialUpdate":false,"showSkybox":false,"showFlares":true,"showImageEffects":true,"showParticleSystems":true},"in2DMode":false,"pivot":{"x":0.4199178218841553,"y":-0.3229411840438843,"z":0.6357932090759277},"rotation":{"x":0.005451505538076162,"y":-0.989138126373291,"z":0.14191390573978425,"w":0.03799862042069435},"size":2.6093618869781496,"orthographic":true}