{"cameraMode":{"drawMode":0,"name":"Shaded","section":"Shading Mode"},"sceneLighting":true,"audioPlay":false,"sceneViewState":{"showFog":true,"showMaterialUpdate":false,"showSkybox":true,"showFlares":true,"showImageEffects":true,"showParticleSystems":true},"in2DMode":false,"pivot":{"x":-2.74951171875,"y":20.20458984375,"z":-20.58102035522461},"rotation":{"x":0.2249460220336914,"y":0.6686915755271912,"z":-0.21948294341564179,"w":0.6747190356254578},"size":4.733895778656006,"orthographic":true}