{"cameraMode":{"drawMode":0,"name":"Shaded","section":"Shading Mode"},"sceneLighting":false,"audioPlay":false,"sceneViewState":{"showFog":true,"showMaterialUpdate":false,"showSkybox":false,"showFlares":true,"showImageEffects":true,"showParticleSystems":true},"in2DMode":false,"pivot":{"x":0.00225830078125,"y":-0.08330659568309784,"z":-0.0018130168318748475},"rotation":{"x":-0.09478076547384262,"y":-0.5583494901657105,"z":0.06299954652786255,"w":-0.8222873210906982},"size":2.729069709777832,"orthographic":true}