{"cameraMode":{"drawMode":0,"name":"Shaded","section":"Shading Mode"},"sceneLighting":true,"audioPlay":false,"sceneViewState":{"showFog":true,"showMaterialUpdate":false,"showSkybox":true,"showFlares":true,"showImageEffects":true,"showParticleSystems":true},"in2DMode":false,"pivot":{"x":32.90087890625,"y":-12.431640625,"z":-72.74603271484375},"rotation":{"x":0.19401784241199494,"y":0.48159468173980715,"z":-0.11025240272283554,"w":0.8477712869644165},"size":5.623690128326416,"orthographic":true}