{"cameraMode":{"drawMode":0,"name":"Shaded","section":"Shading Mode"},"sceneLighting":false,"audioPlay":false,"sceneViewState":{"showFog":true,"showMaterialUpdate":false,"showSkybox":false,"showFlares":true,"showImageEffects":true,"showParticleSystems":true},"in2DMode":false,"pivot":{"x":0.21676912903785706,"y":-0.30332881212234499,"z":0.5574846267700195},"rotation":{"x":-0.17648398876190186,"y":-0.6877855062484741,"z":0.17818939685821534,"w":-0.6812219619750977},"size":1.2232749462127686,"orthographic":true}