{"cameraMode":{"drawMode":0,"name":"Shaded","section":"Shading Mode"},"sceneLighting":true,"audioPlay":false,"sceneViewState":{"showFog":true,"showMaterialUpdate":false,"showSkybox":true,"showFlares":true,"showImageEffects":true,"showParticleSystems":true},"in2DMode":false,"pivot":{"x":21.275054931640626,"y":3.52386474609375,"z":-17.9306640625},"rotation":{"x":0.33993789553642275,"y":0.14443358778953553,"z":-0.05240967124700546,"w":0.9281797409057617},"size":10.524636268615723,"orthographic":true}