{"cameraMode":{"drawMode":0,"name":"Shaded","section":"Shading Mode"},"sceneLighting":false,"audioPlay":false,"sceneViewState":{"showFog":true,"showMaterialUpdate":false,"showSkybox":false,"showFlares":true,"showImageEffects":true,"showParticleSystems":true},"in2DMode":false,"pivot":{"x":-0.18505859375,"y":-0.040771484375,"z":0.22509765625},"rotation":{"x":-0.15092182159423829,"y":-0.0011798912892118097,"z":0.0001821156474761665,"w":-0.9885517954826355},"size":4.195465564727783,"orthographic":true}