{"cameraMode":{"drawMode":0,"name":"Shaded","section":"Shading Mode"},"sceneLighting":false,"audioPlay":false,"sceneViewState":{"showFog":true,"showMaterialUpdate":false,"showSkybox":false,"showFlares":true,"showImageEffects":true,"showParticleSystems":true},"in2DMode":false,"pivot":{"x":-0.05224609375,"y":0.5081787109375,"z":0.32080078125},"rotation":{"x":-0.26067832112312319,"y":0.04372282698750496,"z":-0.011820657178759575,"w":-0.9643718600273132},"size":2.5621895790100099,"orthographic":true}