{"cameraMode":{"drawMode":0,"name":"Shaded","section":"Shading Mode"},"sceneLighting":false,"audioPlay":false,"sceneViewState":{"showFog":true,"showMaterialUpdate":false,"showSkybox":false,"showFlares":true,"showImageEffects":true,"showParticleSystems":true},"in2DMode":false,"pivot":{"x":225.5502166748047,"y":122.38555908203125,"z":-28.03192138671875},"rotation":{"x":-0.007702860049903393,"y":-0.9861764907836914,"z":0.15845027565956117,"w":-0.04794509708881378},"size":1033.6282958984375,"orthographic":false}