{"cameraMode":{"drawMode":0,"name":"Shaded","section":"Shading Mode"},"sceneLighting":false,"audioPlay":false,"sceneViewState":{"showFog":true,"showMaterialUpdate":false,"showSkybox":false,"showFlares":true,"showImageEffects":true,"showParticleSystems":true},"in2DMode":false,"pivot":{"x":-0.22833499312400819,"y":0.14352846145629884,"z":0.8288049697875977},"rotation":{"x":0.09679707139730454,"y":0.8812422156333923,"z":-0.20587195456027986,"w":0.41434547305107119},"size":3.203585147857666,"orthographic":true}