{"cameraMode":{"drawMode":0,"name":"Shaded","section":"Shading Mode"},"sceneLighting":false,"audioPlay":false,"sceneViewState":{"showFog":true,"showMaterialUpdate":false,"showSkybox":false,"showFlares":true,"showImageEffects":true,"showParticleSystems":true},"in2DMode":false,"pivot":{"x":7.579144477844238,"y":1.924023985862732,"z":-31.61147689819336},"rotation":{"x":-0.12790513038635255,"y":0.7755307555198669,"z":0.16840551793575288,"w":0.5954409241676331},"size":43.226402282714847,"orthographic":true}