{"cameraMode":{"drawMode":0,"name":"Shaded","section":"Shading Mode"},"sceneLighting":true,"audioPlay":false,"sceneViewState":{"showFog":true,"showMaterialUpdate":false,"showSkybox":true,"showFlares":true,"showImageEffects":true,"showParticleSystems":true},"in2DMode":false,"pivot":{"x":6.099999904632568,"y":3.0999999046325685,"z":-32.599998474121097},"rotation":{"x":0.21144308149814607,"y":0.13393522799015046,"z":-0.025677233934402467,"w":0.968372642993927},"size":71.99407196044922,"orthographic":true}