{"cameraMode":{"drawMode":0,"name":"Shaded","section":"Shading Mode"},"sceneLighting":false,"audioPlay":false,"sceneViewState":{"showFog":true,"showMaterialUpdate":false,"showSkybox":false,"showFlares":true,"showImageEffects":true,"showParticleSystems":true},"in2DMode":false,"pivot":{"x":14.218954086303711,"y":13.593648910522461,"z":10.532013893127442},"rotation":{"x":-0.07114501297473908,"y":-0.9284007549285889,"z":0.2423178106546402,"w":-0.27258244156837466},"size":2.8578836917877199,"orthographic":false}