{"cameraMode":{"drawMode":0,"name":"Shaded","section":"Shading Mode"},"sceneLighting":false,"audioPlay":false,"sceneViewState":{"showFog":true,"showMaterialUpdate":false,"showSkybox":false,"showFlares":true,"showImageEffects":true,"showParticleSystems":true},"in2DMode":false,"pivot":{"x":-0.18505859375,"y":-0.040771484375,"z":0.22509765625},"rotation":{"x":-0.2161034345626831,"y":0.15045671164989472,"z":-0.033722225576639178,"w":-0.9641252756118774},"size":4.195465564727783,"orthographic":true}