{"cameraMode":{"drawMode":0,"name":"Shaded","section":"Shading Mode"},"sceneLighting":false,"audioPlay":false,"sceneViewState":{"showFog":true,"showMaterialUpdate":false,"showSkybox":false,"showFlares":true,"showImageEffects":true,"showParticleSystems":true},"in2DMode":false,"pivot":{"x":0.0,"y":-0.1307845115661621,"z":-0.09412205219268799},"rotation":{"x":-0.09478076547384262,"y":-0.5583494901657105,"z":0.06299954652786255,"w":-0.8222873210906982},"size":5.5997819900512699,"orthographic":true}