{"cameraMode":{"drawMode":0,"name":"Shaded","section":"Shading Mode"},"sceneLighting":true,"audioPlay":false,"sceneViewState":{"showFog":true,"showMaterialUpdate":false,"showSkybox":true,"showFlares":true,"showImageEffects":true,"showParticleSystems":true},"in2DMode":false,"pivot":{"x":-85.9723892211914,"y":2.5,"z":-27.37999725341797},"rotation":{"x":0.1104058101773262,"y":-0.30336683988571169,"z":0.038166020065546039,"w":0.9461867213249207},"size":13.873368263244629,"orthographic":true}